{
  "n_d": 43,
  "n_a": 34,
  "n_steps": 6,
  "gamma": 1.0038244963612768,
  "lambda_sparse": 6.947309064865532e-05,
  "lr": 0.003132137670463315,
  "mask_type": "sparsemax"
}